Name,Age,ProjectCount,TotalValue
Ozella Konopelski,30,6,30
Nikita Wuckert,34,9,18
Daniella Schumm,22,1,4
Salvador Labadie DVM,21,10,20
Jamarcus Pagac,28,9,9
Katelyn Hills MD,27,9,36
Maida Lakin,25,1,2
Gustave Ullrich,21,0,0
Nat Bashirian,32,1,3
Wilfred Rau,29,1,2
Ruby Schaefer,26,10,20
Lynn Rogahn,25,2,8
Arnold Ankunding DVM,32,2,8
Wilfredo Nienow,33,5,20
Ms. Norbert Kovacek,32,5,10
Elouise Pouros IV,32,9,36
Thelma Ruecker,40,2,6
Andreane Koch,22,9,27
Carey Veum,40,9,9
Trisha Gerlach,30,10,50
Rahsaan Mraz,29,3,12
Halle Cormier,37,2,4
Laila Harvey,23,5,10
Isabell Rice,29,10,20
Dr. Antonio Kirlin,32,2,4
Bennie Christiansen Sr.,34,10,40
Alexandrea McGlynn,35,0,0
Alexandro Jakubowski,22,6,24
Kenya Sawayn,36,5,25
Davin Howell,23,9,9
Lolita Emard,36,5,10
Douglas Haag I,34,0,0
Johnathon Johnston,29,4,4
Jeanne Brakus DVM,24,8,8
Roma Nader,32,0,0
Franz Zboncak,38,8,24
Mr. Emiliano Nolan,27,2,6
Kaylie Gerhold,40,3,9
Wilfred Ledner,34,3,3
Mrs. Julien Hermann,25,3,6
Mervin Nicolas,38,4,16
Miss Blaise Bins,32,1,4
Margaretta Mitchell DDS,32,8,16
Ms. Kali Bernier,21,3,3
Marlene Schmidt,21,5,5
Mrs. Sydney Pouros,21,2,4
Pierre Watsica,30,7,21
Jaydon Rodriguez,37,3,9
Aniya Fay,23,0,0
Enola Baumbach,33,4,16
